age,gender,time_spent,platform,interests,location,profession,income,isHomeOwner,Owns_Car
56,MALE,3,Instagram,Sports,United Kingdom,Software Engineer,19774,False,False
46,FEMALE,2,Facebook,Travel,United Kingdom,Student,10564,True,True
32,MALE,8,Instagram,Sports,Australia,Marketer Manager,13258,False,False
60,NON-BINARY,5,Instagram,Travel,United Kingdom,Student,12500,True,False
25,MALE,1,Instagram,Lifestlye,Australia,Software Engineer,14566,True,True
38,MALE,3,Facebook,Travel,United States,Marketer Manager,19179,True,True
56,MALE,8,YouTube,Sports,United States,Student,16881,True,True
36,MALE,4,Instagram,Sports,Australia,Marketer Manager,13636,False,True
40,NON-BINARY,7,YouTube,Lifestlye,Australia,Marketer Manager,16030,False,True
28,NON-BINARY,2,Instagram,Sports,Australia,Marketer Manager,10223,False,True
28,FEMALE,7,YouTube,Lifestlye,United Kingdom,Student,16297,True,False
41,NON-BINARY,5,Facebook,Sports,United States,Marketer Manager,10350,False,False
53,NON-BINARY,5,Facebook,Sports,Australia,Student,17314,True,True
57,FEMALE,6,Instagram,Lifestlye,United Kingdom,Software Engineer,11928,True,False
41,NON-BINARY,9,YouTube,Travel,United States,Student,17743,True,False
20,MALE,6,Facebook,Sports,United Kingdom,Software Engineer,18540,True,False
39,MALE,8,Instagram,Travel,United States,Student,14732,True,False
19,FEMALE,7,Instagram,Sports,United Kingdom,Marketer Manager,11017,True,True
41,FEMALE,9,Facebook,Sports,United States,Student,12226,False,False
61,FEMALE,4,Facebook,Sports,United States,Marketer Manager,17206,False,False
47,MALE,2,Instagram,Sports,United Kingdom,Software Engineer,17170,False,True
55,NON-BINARY,7,YouTube,Travel,Australia,Student,16207,False,True
19,MALE,6,YouTube,Travel,United States,Marketer Manager,12419,True,True
38,FEMALE,1,YouTube,Sports,Australia,Software Engineer,16240,True,True
50,NON-BINARY,9,Instagram,Sports,United Kingdom,Software Engineer,11893,False,False
29,NON-BINARY,9,Facebook,Travel,Australia,Student,15322,False,True
39,MALE,2,Instagram,Lifestlye,Australia,Software Engineer,17718,False,False
61,FEMALE,3,Facebook,Lifestlye,Australia,Marketer Manager,16878,False,False
42,MALE,5,YouTube,Travel,Australia,Software Engineer,11125,False,True
44,NON-BINARY,5,YouTube,Sports,Australia,Software Engineer,13117,False,True
59,MALE,1,Facebook,Sports,United States,Marketer Manager,14161,False,True
45,MALE,8,Facebook,Lifestlye,United States,Software Engineer,14042,False,True
33,FEMALE,8,Instagram,Lifestlye,United States,Software Engineer,14433,True,True
32,FEMALE,4,YouTube,Travel,United Kingdom,Software Engineer,18638,True,True
64,NON-BINARY,7,Instagram,Lifestlye,Australia,Software Engineer,12658,True,False
61,MALE,3,Instagram,Travel,United States,Marketer Manager,13483,True,False
20,MALE,6,Instagram,Lifestlye,United Kingdom,Software Engineer,12944,False,False
54,MALE,9,YouTube,Lifestlye,United States,Marketer Manager,17210,True,False
24,NON-BINARY,1,Instagram,Lifestlye,United States,Software Engineer,17653,False,True
38,NON-BINARY,5,Instagram,Sports,Australia,Software Engineer,18787,True,True
26,FEMALE,4,Instagram,Sports,United Kingdom,Software Engineer,11986,False,False
56,FEMALE,8,Instagram,Sports,Australia,Software Engineer,11074,False,False
35,FEMALE,1,Instagram,Lifestlye,Australia,Marketer Manager,14305,True,False
21,MALE,9,Instagram,Travel,United States,Marketer Manager,13007,True,True
42,MALE,6,YouTube,Travel,Australia,Marketer Manager,10969,False,True
31,FEMALE,4,Instagram,Travel,United Kingdom,Student,18772,False,True
26,MALE,9,Facebook,Travel,Australia,Software Engineer,12824,False,False
43,FEMALE,5,Instagram,Sports,Australia,Software Engineer,11211,True,False
19,NON-BINARY,5,Instagram,Sports,Australia,Marketer Manager,10229,True,True
37,FEMALE,5,YouTube,Lifestlye,United States,Student,14284,False,True
45,NON-BINARY,1,YouTube,Lifestlye,United Kingdom,Software Engineer,13185,True,False
64,MALE,1,Facebook,Travel,United States,Marketer Manager,10501,False,False
24,FEMALE,8,Facebook,Sports,United States,Software Engineer,10048,True,True
61,MALE,8,YouTube,Travel,United States,Software Engineer,13566,True,False
25,NON-BINARY,6,YouTube,Lifestlye,United States,Marketer Manager,13055,True,True
64,NON-BINARY,4,Instagram,Lifestlye,United States,Marketer Manager,18880,True,True
52,NON-BINARY,2,YouTube,Travel,United Kingdom,Software Engineer,10386,True,False
31,MALE,2,Facebook,Lifestlye,Australia,Software Engineer,10969,False,False
34,MALE,9,Instagram,Travel,United States,Marketer Manager,19197,False,False
53,MALE,5,Facebook,Sports,United States,Software Engineer,15820,True,True
57,MALE,4,Instagram,Travel,United Kingdom,Software Engineer,13052,False,False
21,NON-BINARY,1,YouTube,Sports,United Kingdom,Marketer Manager,17397,False,False
19,NON-BINARY,7,Facebook,Sports,Australia,Software Engineer,12302,True,True
23,FEMALE,3,Instagram,Lifestlye,United Kingdom,Software Engineer,12283,False,True
59,FEMALE,6,Instagram,Lifestlye,Australia,Student,19799,True,False
21,MALE,5,YouTube,Lifestlye,United States,Marketer Manager,14366,False,True
46,NON-BINARY,5,YouTube,Travel,United States,Student,10122,False,True
35,NON-BINARY,5,YouTube,Travel,Australia,Student,16799,False,True
43,NON-BINARY,1,Facebook,Lifestlye,United Kingdom,Student,19472,False,False
61,FEMALE,1,Instagram,Travel,Australia,Software Engineer,13727,False,False
51,FEMALE,3,YouTube,Lifestlye,United Kingdom,Software Engineer,18450,False,True
27,NON-BINARY,4,Facebook,Travel,United States,Student,19139,False,True
53,NON-BINARY,5,Facebook,Sports,United Kingdom,Student,14958,True,True
31,NON-BINARY,2,Facebook,Sports,Australia,Student,10524,True,False
48,FEMALE,8,YouTube,Lifestlye,Australia,Software Engineer,19079,True,True
32,NON-BINARY,2,YouTube,Travel,United States,Student,18399,True,True
25,NON-BINARY,9,Instagram,Travel,United Kingdom,Student,10148,False,False
31,MALE,2,Instagram,Sports,United Kingdom,Marketer Manager,18001,False,True
40,MALE,9,YouTube,Sports,United Kingdom,Marketer Manager,10437,False,False
57,FEMALE,7,Facebook,Lifestlye,United States,Software Engineer,13749,True,False
38,NON-BINARY,8,Facebook,Sports,United Kingdom,Marketer Manager,18186,True,False
33,NON-BINARY,2,Facebook,Lifestlye,Australia,Marketer Manager,14453,True,True
62,MALE,7,Instagram,Sports,United Kingdom,Marketer Manager,15336,False,True
35,FEMALE,6,Facebook,Sports,United States,Software Engineer,14551,True,False
64,MALE,4,Instagram,Travel,United Kingdom,Marketer Manager,12823,False,True
41,MALE,7,Instagram,Sports,United Kingdom,Software Engineer,15728,True,False
43,MALE,4,Facebook,Sports,Australia,Student,18677,False,True
42,MALE,2,Facebook,Lifestlye,United Kingdom,Marketer Manager,18391,True,False
62,NON-BINARY,7,YouTube,Sports,Australia,Software Engineer,11982,False,False
58,NON-BINARY,8,YouTube,Lifestlye,Australia,Marketer Manager,16996,True,True
46,MALE,2,Facebook,Sports,United States,Student,19663,True,True
32,FEMALE,5,Instagram,Sports,Australia,Software Engineer,12311,False,True
62,FEMALE,1,Instagram,Lifestlye,Australia,Software Engineer,17225,False,True
18,FEMALE,7,Instagram,Travel,United States,Software Engineer,19713,True,False
42,FEMALE,8,Instagram,Lifestlye,Australia,Student,10604,False,False
24,MALE,6,Instagram,Lifestlye,United States,Student,18175,True,True
26,NON-BINARY,5,YouTube,Lifestlye,United Kingdom,Student,15785,False,True
41,FEMALE,6,Facebook,Travel,United States,Software Engineer,19609,True,False
18,MALE,2,YouTube,Sports,Australia,Student,14597,False,True
61,FEMALE,1,Instagram,Lifestlye,United States,Marketer Manager,17759,True,True
25,FEMALE,7,Instagram,Lifestlye,Australia,Student,17532,True,True
41,MALE,7,Instagram,Travel,United Kingdom,Software Engineer,18740,True,True
28,NON-BINARY,2,Instagram,Lifestlye,United States,Marketer Manager,10838,False,False
34,NON-BINARY,2,Facebook,Sports,United Kingdom,Student,13815,True,False
25,MALE,1,Instagram,Travel,Australia,Marketer Manager,10847,False,True
52,NON-BINARY,8,Facebook,Sports,Australia,Marketer Manager,14709,False,False
52,MALE,8,Instagram,Sports,United Kingdom,Software Engineer,14507,False,True
50,MALE,1,Facebook,Travel,United States,Marketer Manager,16575,True,True
22,MALE,8,YouTube,Lifestlye,United States,Marketer Manager,14773,False,True
59,NON-BINARY,9,Instagram,Sports,Australia,Software Engineer,14468,False,False
56,MALE,4,Facebook,Sports,United Kingdom,Software Engineer,15192,False,False
58,FEMALE,1,YouTube,Sports,United Kingdom,Software Engineer,13320,True,False
45,NON-BINARY,1,Instagram,Sports,United States,Marketer Manager,14698,False,False
24,NON-BINARY,3,Instagram,Travel,United States,Marketer Manager,14311,False,False
26,NON-BINARY,5,Instagram,Travel,United States,Marketer Manager,13673,False,True
25,NON-BINARY,5,Facebook,Sports,United Kingdom,Software Engineer,11564,False,True
29,FEMALE,9,Facebook,Lifestlye,United States,Student,11840,True,False
51,NON-BINARY,2,YouTube,Sports,United States,Marketer Manager,16058,True,False
50,NON-BINARY,2,Facebook,Lifestlye,Australia,Student,17131,False,False
40,MALE,6,Facebook,Sports,United States,Software Engineer,10726,False,True
41,NON-BINARY,9,Instagram,Lifestlye,United States,Marketer Manager,19436,False,False
54,FEMALE,1,Instagram,Sports,United Kingdom,Student,16697,False,True
52,FEMALE,9,Instagram,Lifestlye,United Kingdom,Marketer Manager,19257,True,True
61,FEMALE,9,Instagram,Sports,Australia,Marketer Manager,10282,True,False
57,FEMALE,9,Instagram,Sports,United States,Marketer Manager,11081,True,True
39,NON-BINARY,5,Instagram,Lifestlye,Australia,Student,13885,True,True
44,NON-BINARY,9,Instagram,Travel,United Kingdom,Software Engineer,12881,False,False
52,FEMALE,4,YouTube,Lifestlye,Australia,Marketer Manager,12970,False,True
18,FEMALE,2,YouTube,Travel,United Kingdom,Software Engineer,19344,True,False
52,NON-BINARY,6,YouTube,Sports,Australia,Software Engineer,16985,True,True
54,FEMALE,4,YouTube,Lifestlye,Australia,Student,10947,False,False
64,MALE,6,Instagram,Lifestlye,United States,Student,14760,False,False
31,FEMALE,3,YouTube,Lifestlye,Australia,Software Engineer,19909,False,True
20,FEMALE,6,Instagram,Travel,United States,Marketer Manager,10066,False,False
18,MALE,2,YouTube,Travel,United States,Student,18828,False,True
22,MALE,2,Facebook,Sports,United States,Marketer Manager,18505,True,True
43,NON-BINARY,9,YouTube,Travel,United States,Marketer Manager,10564,True,False
31,NON-BINARY,7,YouTube,Travel,Australia,Marketer Manager,19793,False,True
56,MALE,3,Instagram,Sports,United Kingdom,Software Engineer,19017,False,False
44,MALE,1,YouTube,Lifestlye,United Kingdom,Marketer Manager,13670,True,True
26,NON-BINARY,8,Facebook,Lifestlye,United Kingdom,Software Engineer,19217,False,True
32,FEMALE,6,Instagram,Sports,Australia,Software Engineer,12251,True,False
32,MALE,7,Instagram,Lifestlye,United States,Marketer Manager,10804,True,True
43,NON-BINARY,9,YouTube,Travel,United Kingdom,Marketer Manager,14631,True,True
59,FEMALE,5,Instagram,Sports,Australia,Marketer Manager,19583,True,True
30,MALE,1,Instagram,Sports,United States,Marketer Manager,11235,False,True
49,FEMALE,7,Instagram,Sports,United Kingdom,Software Engineer,16720,False,True
56,NON-BINARY,5,Instagram,Lifestlye,United States,Marketer Manager,16906,True,True
49,MALE,3,Instagram,Sports,United Kingdom,Marketer Manager,16016,False,True
21,FEMALE,9,Instagram,Sports,United Kingdom,Software Engineer,13549,False,True
47,MALE,1,Facebook,Sports,United Kingdom,Student,17938,False,False
54,FEMALE,1,YouTube,Lifestlye,United States,Student,14141,False,True
40,NON-BINARY,1,Facebook,Travel,Australia,Software Engineer,16966,True,True
56,NON-BINARY,3,Instagram,Sports,United States,Student,19546,False,False
62,MALE,6,Instagram,Travel,United Kingdom,Software Engineer,15335,True,False
32,FEMALE,3,YouTube,Lifestlye,United States,Marketer Manager,15077,True,False
60,MALE,8,Facebook,Lifestlye,Australia,Marketer Manager,15611,False,True
46,MALE,2,YouTube,Lifestlye,United States,Student,18089,True,False
53,FEMALE,9,Facebook,Lifestlye,Australia,Marketer Manager,12892,False,False
30,FEMALE,3,Instagram,Travel,Australia,Student,15577,False,True
49,FEMALE,5,YouTube,Sports,United States,Student,13618,True,True
24,NON-BINARY,8,YouTube,Lifestlye,United Kingdom,Marketer Manager,11559,False,False
39,MALE,2,Instagram,Lifestlye,Australia,Marketer Manager,16683,True,False
45,MALE,6,YouTube,Travel,United States,Student,11507,True,True
19,NON-BINARY,5,Facebook,Travel,Australia,Marketer Manager,12063,False,True
59,FEMALE,9,Facebook,Lifestlye,United Kingdom,Software Engineer,13642,False,True
62,NON-BINARY,5,Facebook,Sports,United States,Marketer Manager,12000,False,True
23,NON-BINARY,2,Facebook,Sports,United States,Marketer Manager,11294,True,True
45,NON-BINARY,5,Instagram,Lifestlye,United States,Software Engineer,14065,False,False
45,MALE,4,YouTube,Travel,United Kingdom,Marketer Manager,18014,True,True
61,NON-BINARY,7,Facebook,Lifestlye,Australia,Marketer Manager,19945,True,True
61,MALE,6,Instagram,Lifestlye,United States,Student,11603,False,True
37,MALE,2,YouTube,Travel,Australia,Marketer Manager,11322,False,True
47,MALE,5,YouTube,Lifestlye,Australia,Marketer Manager,15956,False,True
28,FEMALE,7,Instagram,Lifestlye,United Kingdom,Software Engineer,12441,True,False
45,MALE,7,Instagram,Lifestlye,United States,Student,11098,False,True
42,MALE,5,Facebook,Travel,Australia,Student,15073,True,False
56,FEMALE,9,YouTube,Sports,United States,Student,19697,False,True
50,MALE,4,YouTube,Sports,United States,Marketer Manager,19318,False,False
18,NON-BINARY,3,Instagram,Travel,United Kingdom,Student,18488,True,False
44,NON-BINARY,4,YouTube,Sports,United States,Software Engineer,13787,True,True
30,MALE,5,Facebook,Lifestlye,United States,Student,12096,False,True
58,FEMALE,6,YouTube,Sports,Australia,Software Engineer,12208,False,True
20,NON-BINARY,3,Instagram,Lifestlye,United Kingdom,Student,15988,False,True
56,FEMALE,2,Instagram,Sports,United States,Student,10175,False,True
23,FEMALE,4,Facebook,Travel,Australia,Software Engineer,17169,False,False
25,NON-BINARY,5,Facebook,Sports,United Kingdom,Student,16014,True,True
44,FEMALE,4,YouTube,Sports,United Kingdom,Student,11667,True,True
26,NON-BINARY,3,YouTube,Sports,Australia,Student,18867,True,False
54,FEMALE,8,Instagram,Travel,Australia,Marketer Manager,11823,True,True
50,NON-BINARY,4,Facebook,Sports,Australia,Software Engineer,15147,False,False
59,MALE,2,Facebook,Travel,Australia,Student,11356,True,True
61,NON-BINARY,2,Facebook,Lifestlye,Australia,Software Engineer,13072,True,False
41,NON-BINARY,1,YouTube,Sports,United States,Software Engineer,13259,True,True
32,NON-BINARY,4,Facebook,Travel,United States,Software Engineer,16199,False,False
49,NON-BINARY,9,Instagram,Travel,United Kingdom,Student,10546,True,False
49,FEMALE,7,Instagram,Sports,United States,Student,15231,False,True
41,MALE,7,YouTube,Lifestlye,United States,Software Engineer,17965,True,True
58,NON-BINARY,7,YouTube,Travel,United States,Marketer Manager,12083,False,True
29,FEMALE,8,Facebook,Sports,Australia,Software Engineer,12040,True,False
56,MALE,1,YouTube,Lifestlye,United Kingdom,Marketer Manager,14534,False,False
19,MALE,8,Instagram,Travel,United Kingdom,Software Engineer,11752,True,False
20,MALE,4,Facebook,Travel,United Kingdom,Software Engineer,19807,False,True
54,MALE,4,Instagram,Lifestlye,United Kingdom,Software Engineer,11849,False,True
34,NON-BINARY,4,Facebook,Lifestlye,United States,Student,12642,True,False
19,NON-BINARY,6,YouTube,Sports,United States,Marketer Manager,11600,False,True
19,FEMALE,7,Facebook,Sports,Australia,Marketer Manager,14402,False,False
45,FEMALE,6,Facebook,Travel,United Kingdom,Software Engineer,13799,True,True
40,FEMALE,1,Instagram,Lifestlye,United States,Student,10618,True,True
54,MALE,8,Instagram,Lifestlye,United States,Student,11132,False,False
49,MALE,7,Facebook,Lifestlye,Australia,Marketer Manager,15491,True,True
50,NON-BINARY,6,YouTube,Travel,Australia,Student,15795,True,True
18,MALE,6,YouTube,Lifestlye,Australia,Marketer Manager,17633,True,True
36,MALE,5,Instagram,Lifestlye,United States,Marketer Manager,11487,False,True
19,MALE,6,YouTube,Travel,United States,Marketer Manager,17848,False,True
61,FEMALE,9,Instagram,Sports,Australia,Student,15009,False,False
43,FEMALE,9,YouTube,Sports,United Kingdom,Marketer Manager,19749,False,True
49,NON-BINARY,8,Facebook,Travel,Australia,Marketer Manager,12113,False,False
23,MALE,9,Instagram,Lifestlye,Australia,Software Engineer,11044,False,True
49,MALE,8,Instagram,Travel,Australia,Marketer Manager,12431,False,True
21,NON-BINARY,8,Facebook,Sports,Australia,Marketer Manager,17979,True,False
28,MALE,1,Instagram,Sports,United States,Software Engineer,11582,False,False
34,MALE,5,YouTube,Travel,United Kingdom,Software Engineer,11308,False,True
55,FEMALE,4,YouTube,Travel,Australia,Student,14917,True,True
41,NON-BINARY,2,Instagram,Sports,United Kingdom,Marketer Manager,18793,True,False
22,NON-BINARY,8,YouTube,Travel,United Kingdom,Student,11620,True,False
51,NON-BINARY,3,Instagram,Sports,United Kingdom,Student,17503,False,False
23,NON-BINARY,4,Facebook,Travel,Australia,Software Engineer,14766,True,False
39,FEMALE,7,Instagram,Travel,United States,Student,15362,False,True
28,FEMALE,9,Facebook,Travel,Australia,Marketer Manager,15192,False,True
33,MALE,2,YouTube,Sports,United Kingdom,Software Engineer,16622,False,True
50,MALE,3,Facebook,Travel,United Kingdom,Marketer Manager,16093,True,True
26,MALE,4,YouTube,Sports,United States,Marketer Manager,16704,True,True
23,MALE,1,Instagram,Sports,Australia,Software Engineer,10100,False,False
33,FEMALE,7,YouTube,Travel,United Kingdom,Marketer Manager,16657,False,False
46,NON-BINARY,2,Instagram,Travel,United States,Software Engineer,15875,False,False
20,FEMALE,5,Instagram,Sports,United Kingdom,Marketer Manager,14271,True,True
37,MALE,1,Facebook,Sports,United States,Software Engineer,10237,False,False
53,FEMALE,3,Facebook,Lifestlye,United States,Student,17226,True,True
36,NON-BINARY,2,Facebook,Sports,Australia,Marketer Manager,18032,False,True
43,NON-BINARY,1,Facebook,Lifestlye,United Kingdom,Software Engineer,15218,True,True
20,FEMALE,7,YouTube,Lifestlye,Australia,Marketer Manager,14025,False,False
36,FEMALE,5,YouTube,Lifestlye,United Kingdom,Marketer Manager,16073,True,True
37,FEMALE,1,YouTube,Travel,Australia,Marketer Manager,12542,True,True
49,MALE,6,Instagram,Travel,United Kingdom,Software Engineer,11537,True,False
24,FEMALE,5,YouTube,Sports,Australia,Student,10754,True,True
58,FEMALE,3,YouTube,Lifestlye,United States,Student,17396,True,False
50,FEMALE,7,YouTube,Travel,United Kingdom,Student,17823,True,True
57,NON-BINARY,9,Facebook,Travel,United Kingdom,Software Engineer,15507,False,False
56,NON-BINARY,9,YouTube,Travel,United States,Student,14235,False,True
35,MALE,9,Instagram,Travel,Australia,Software Engineer,10540,False,True
57,MALE,2,Facebook,Travel,United Kingdom,Marketer Manager,15510,False,False
18,NON-BINARY,3,Instagram,Lifestlye,United Kingdom,Marketer Manager,18461,True,True
28,NON-BINARY,7,YouTube,Lifestlye,Australia,Student,17926,False,False
45,NON-BINARY,5,Facebook,Lifestlye,United States,Software Engineer,15131,True,True
42,FEMALE,2,Instagram,Lifestlye,Australia,Marketer Manager,18697,True,False
40,FEMALE,3,YouTube,Sports,Australia,Software Engineer,11129,True,True
48,NON-BINARY,6,Instagram,Lifestlye,Australia,Software Engineer,13145,False,True
47,FEMALE,7,Instagram,Travel,United Kingdom,Marketer Manager,18553,True,True
59,FEMALE,9,Instagram,Lifestlye,United States,Software Engineer,13720,False,False
52,MALE,1,YouTube,Sports,United States,Marketer Manager,19648,False,False
24,NON-BINARY,7,YouTube,Travel,Australia,Marketer Manager,14067,False,False
33,NON-BINARY,8,Instagram,Lifestlye,United Kingdom,Marketer Manager,14195,False,False
43,FEMALE,3,Facebook,Lifestlye,Australia,Software Engineer,19873,False,False
19,NON-BINARY,4,Facebook,Lifestlye,United Kingdom,Marketer Manager,19244,True,True
18,MALE,6,YouTube,Travel,United Kingdom,Software Engineer,17281,True,True
29,MALE,7,YouTube,Travel,United Kingdom,Marketer Manager,12509,False,True
22,MALE,4,YouTube,Sports,United Kingdom,Marketer Manager,15016,True,True
54,NON-BINARY,8,YouTube,Travel,United States,Student,16533,False,True
49,NON-BINARY,5,YouTube,Travel,United Kingdom,Student,14727,True,False
26,NON-BINARY,1,Facebook,Lifestlye,United Kingdom,Student,10681,True,True
58,NON-BINARY,4,YouTube,Travel,Australia,Software Engineer,13932,True,False
52,NON-BINARY,3,Instagram,Lifestlye,Australia,Software Engineer,15560,True,True
36,MALE,9,Instagram,Lifestlye,United States,Marketer Manager,14016,True,False
33,FEMALE,8,Facebook,Travel,Australia,Marketer Manager,17339,True,False
20,MALE,1,Instagram,Sports,United Kingdom,Marketer Manager,10719,True,False
37,NON-BINARY,6,Facebook,Sports,Australia,Marketer Manager,10074,True,True
41,MALE,9,Facebook,Travel,United States,Software Engineer,19485,True,True
50,NON-BINARY,7,Instagram,Sports,Australia,Marketer Manager,14157,True,True
41,NON-BINARY,4,YouTube,Lifestlye,Australia,Marketer Manager,18511,True,True
28,MALE,1,Instagram,Lifestlye,United States,Student,12149,True,False
25,NON-BINARY,2,Instagram,Travel,United States,Marketer Manager,19644,True,False
53,FEMALE,5,Facebook,Sports,United Kingdom,Marketer Manager,19747,False,False
55,NON-BINARY,5,Instagram,Sports,Australia,Marketer Manager,16713,True,False
57,FEMALE,8,Facebook,Lifestlye,United Kingdom,Software Engineer,14207,True,True
37,FEMALE,6,YouTube,Travel,Australia,Student,17141,True,False
52,NON-BINARY,8,YouTube,Sports,Australia,Marketer Manager,18652,True,True
42,MALE,2,YouTube,Travel,United Kingdom,Marketer Manager,19078,True,False
52,FEMALE,3,Instagram,Sports,Australia,Student,13936,True,False
42,MALE,6,Facebook,Lifestlye,Australia,Marketer Manager,19307,False,False
46,FEMALE,3,YouTube,Lifestlye,Australia,Software Engineer,11075,False,True
35,NON-BINARY,6,Facebook,Travel,United States,Marketer Manager,13876,False,True
63,NON-BINARY,6,Facebook,Lifestlye,United Kingdom,Software Engineer,14615,True,False
35,FEMALE,2,YouTube,Sports,United States,Software Engineer,17265,True,False
19,NON-BINARY,7,YouTube,Lifestlye,United Kingdom,Marketer Manager,16379,True,False
52,FEMALE,2,Facebook,Travel,United Kingdom,Student,19118,False,True
33,NON-BINARY,6,YouTube,Travel,Australia,Software Engineer,14652,True,True
58,MALE,1,Facebook,Travel,United Kingdom,Student,16792,True,True
53,NON-BINARY,3,Facebook,Sports,United States,Marketer Manager,19247,False,False
50,MALE,2,YouTube,Sports,United States,Software Engineer,17456,False,True
21,NON-BINARY,7,Instagram,Sports,United States,Marketer Manager,14674,True,False
50,MALE,4,YouTube,Sports,United Kingdom,Student,10541,True,True
31,NON-BINARY,8,Instagram,Sports,United States,Marketer Manager,12161,True,False
38,MALE,6,Facebook,Lifestlye,United Kingdom,Marketer Manager,12251,True,False
37,FEMALE,4,Facebook,Sports,United States,Software Engineer,19244,False,True
25,FEMALE,5,Instagram,Sports,United States,Marketer Manager,14569,True,False
24,MALE,9,Facebook,Lifestlye,United Kingdom,Marketer Manager,12744,True,False
20,NON-BINARY,7,Instagram,Sports,United States,Marketer Manager,16041,False,False
34,MALE,9,Instagram,Travel,Australia,Software Engineer,14675,True,True
50,NON-BINARY,7,Facebook,Sports,United Kingdom,Student,11560,True,False
29,FEMALE,1,Instagram,Sports,United Kingdom,Student,11164,False,True
39,NON-BINARY,8,YouTube,Travel,United Kingdom,Marketer Manager,15419,False,True
39,FEMALE,4,YouTube,Travel,Australia,Software Engineer,12722,True,False
63,NON-BINARY,3,Facebook,Travel,United Kingdom,Marketer Manager,10470,False,True
47,NON-BINARY,7,Facebook,Travel,United States,Student,19608,False,False
55,NON-BINARY,3,Instagram,Sports,United States,Software Engineer,11468,True,True
55,MALE,8,Instagram,Travel,United States,Student,17925,False,False
62,MALE,6,Instagram,Travel,United Kingdom,Student,10808,True,True
25,FEMALE,5,Instagram,Lifestlye,United States,Software Engineer,18363,True,False
44,FEMALE,4,YouTube,Travel,United Kingdom,Software Engineer,16719,True,False
44,MALE,8,YouTube,Travel,United States,Marketer Manager,15073,True,False
51,FEMALE,8,Facebook,Lifestlye,Australia,Marketer Manager,18012,False,False
38,MALE,1,Instagram,Lifestlye,Australia,Student,11645,True,True
47,NON-BINARY,9,Instagram,Sports,Australia,Software Engineer,18249,True,True
50,FEMALE,5,Facebook,Lifestlye,Australia,Software Engineer,11129,True,False
45,FEMALE,4,Instagram,Sports,United Kingdom,Marketer Manager,11353,True,True
64,MALE,6,Instagram,Lifestlye,United States,Student,10767,False,False
50,FEMALE,6,Instagram,Lifestlye,Australia,Student,13895,False,False
22,FEMALE,2,Instagram,Sports,United Kingdom,Marketer Manager,18874,False,True
36,NON-BINARY,8,Instagram,Lifestlye,Australia,Software Engineer,13454,True,True
21,FEMALE,7,Facebook,Sports,Australia,Marketer Manager,17329,False,False
52,NON-BINARY,1,Instagram,Lifestlye,United Kingdom,Marketer Manager,11790,False,True
34,MALE,5,Facebook,Travel,United Kingdom,Marketer Manager,19669,True,False
61,FEMALE,6,Instagram,Lifestlye,United States,Marketer Manager,10885,False,True
45,NON-BINARY,4,YouTube,Sports,United States,Software Engineer,17734,True,True
47,MALE,2,YouTube,Lifestlye,Australia,Marketer Manager,13906,False,True
46,FEMALE,4,YouTube,Sports,Australia,Software Engineer,14492,False,True
63,MALE,1,YouTube,Sports,United States,Marketer Manager,19730,False,True
23,FEMALE,7,Facebook,Travel,United States,Student,12073,False,False
52,MALE,2,Facebook,Travel,United Kingdom,Software Engineer,10312,True,True
58,MALE,2,Instagram,Sports,United States,Student,16269,True,True
54,NON-BINARY,9,YouTube,Lifestlye,United States,Marketer Manager,15317,False,False
41,MALE,5,Facebook,Sports,Australia,Marketer Manager,10810,True,False
46,FEMALE,2,Instagram,Sports,United States,Marketer Manager,16841,False,False
63,FEMALE,9,Instagram,Lifestlye,Australia,Software Engineer,12032,False,True
48,NON-BINARY,9,Facebook,Lifestlye,United States,Student,19699,False,True
52,FEMALE,1,YouTube,Lifestlye,United Kingdom,Software Engineer,17129,False,False
50,FEMALE,3,Instagram,Lifestlye,United States,Software Engineer,12705,False,False
38,FEMALE,4,YouTube,Sports,United States,Marketer Manager,18788,False,False
49,MALE,7,YouTube,Sports,United States,Student,12147,True,False
40,MALE,4,YouTube,Travel,Australia,Marketer Manager,10615,True,True
50,FEMALE,2,Instagram,Sports,United Kingdom,Software Engineer,10947,False,True
20,NON-BINARY,7,YouTube,Lifestlye,United States,Marketer Manager,15677,True,True
35,MALE,6,Instagram,Travel,Australia,Student,14651,False,True
42,NON-BINARY,3,YouTube,Lifestlye,United Kingdom,Marketer Manager,17866,True,True
59,FEMALE,6,Instagram,Sports,Australia,Student,12013,True,False
48,FEMALE,6,YouTube,Travel,Australia,Student,13697,True,True
20,MALE,5,Facebook,Lifestlye,United Kingdom,Marketer Manager,10490,False,False
57,FEMALE,4,YouTube,Travel,United States,Software Engineer,14350,True,False
63,MALE,1,YouTube,Travel,Australia,Marketer Manager,12428,False,False
41,FEMALE,6,Instagram,Sports,Australia,Software Engineer,14987,False,True
49,FEMALE,2,Instagram,Lifestlye,United States,Software Engineer,18733,False,False
64,MALE,3,YouTube,Travel,United States,Marketer Manager,19479,True,True
39,MALE,8,Facebook,Travel,United Kingdom,Software Engineer,19825,True,False
40,MALE,6,Facebook,Lifestlye,United Kingdom,Software Engineer,14920,True,True
19,FEMALE,3,Instagram,Travel,United Kingdom,Marketer Manager,12926,False,False
44,FEMALE,7,Facebook,Travel,United States,Marketer Manager,19544,False,True
59,NON-BINARY,4,YouTube,Travel,Australia,Marketer Manager,17282,True,False
19,MALE,9,Instagram,Lifestlye,Australia,Software Engineer,14376,False,False
43,FEMALE,5,YouTube,Lifestlye,United Kingdom,Student,19490,True,False
34,FEMALE,3,Instagram,Lifestlye,United States,Software Engineer,14868,True,False
57,MALE,2,Instagram,Lifestlye,Australia,Student,16986,True,True
50,NON-BINARY,2,Instagram,Sports,United Kingdom,Marketer Manager,16862,True,True
26,MALE,3,Instagram,Travel,Australia,Student,14423,False,True
60,NON-BINARY,2,Facebook,Lifestlye,Australia,Marketer Manager,16870,True,False
56,FEMALE,4,YouTube,Travel,United States,Marketer Manager,18159,True,False
46,NON-BINARY,2,YouTube,Travel,United States,Student,12073,True,False
59,FEMALE,9,YouTube,Sports,Australia,Marketer Manager,16170,True,False
43,MALE,2,Instagram,Lifestlye,United Kingdom,Student,10701,True,False
52,MALE,9,Facebook,Lifestlye,United States,Marketer Manager,18113,True,False
42,MALE,6,YouTube,Travel,Australia,Software Engineer,16825,True,True
41,NON-BINARY,1,Facebook,Lifestlye,United States,Software Engineer,17867,False,True
30,FEMALE,4,Instagram,Travel,United States,Marketer Manager,14264,False,True
24,MALE,1,YouTube,Travel,United States,Marketer Manager,17968,False,True
53,MALE,6,Facebook,Sports,Australia,Student,18146,False,True
62,FEMALE,4,Instagram,Sports,United Kingdom,Software Engineer,17776,True,True
37,MALE,3,Facebook,Sports,United Kingdom,Student,18558,False,True
18,FEMALE,3,YouTube,Travel,United Kingdom,Marketer Manager,18719,False,True
25,FEMALE,9,YouTube,Lifestlye,United States,Marketer Manager,14886,False,False
63,FEMALE,6,Instagram,Sports,Australia,Student,13935,True,False
33,FEMALE,9,Instagram,Lifestlye,United States,Marketer Manager,14619,False,False
31,FEMALE,5,Instagram,Sports,United Kingdom,Software Engineer,15191,False,False
29,NON-BINARY,2,Facebook,Sports,United Kingdom,Student,16875,True,False
40,MALE,8,Facebook,Travel,Australia,Software Engineer,17856,False,False
32,NON-BINARY,5,Facebook,Sports,United States,Software Engineer,15401,True,False
45,MALE,2,Instagram,Sports,United Kingdom,Software Engineer,13022,False,True
51,NON-BINARY,4,YouTube,Travel,Australia,Student,15738,True,True
19,FEMALE,9,YouTube,Lifestlye,United States,Marketer Manager,15984,False,False
49,MALE,4,Facebook,Sports,United States,Software Engineer,11770,False,True
40,MALE,4,Facebook,Travel,United Kingdom,Software Engineer,19969,False,True
39,NON-BINARY,2,YouTube,Sports,United Kingdom,Software Engineer,18989,True,True
42,NON-BINARY,6,YouTube,Travel,United States,Marketer Manager,13215,False,True
39,MALE,2,Facebook,Lifestlye,United States,Marketer Manager,16694,True,True
39,NON-BINARY,7,Facebook,Lifestlye,United Kingdom,Student,12976,True,False
59,NON-BINARY,3,YouTube,Travel,United States,Marketer Manager,13737,True,True
23,NON-BINARY,3,Instagram,Travel,United Kingdom,Student,19903,True,False
32,FEMALE,5,Facebook,Travel,United States,Student,10752,False,False
60,FEMALE,3,YouTube,Lifestlye,United Kingdom,Student,11392,False,False
54,NON-BINARY,2,YouTube,Sports,Australia,Student,16789,False,True
50,NON-BINARY,9,YouTube,Lifestlye,United Kingdom,Student,10677,True,False
25,FEMALE,2,YouTube,Travel,United Kingdom,Software Engineer,10105,False,False
61,FEMALE,2,Instagram,Travel,Australia,Marketer Manager,14753,True,False
61,MALE,8,YouTube,Lifestlye,United States,Software Engineer,11946,True,False
22,MALE,9,Facebook,Travel,Australia,Student,15544,True,True
56,FEMALE,7,Instagram,Lifestlye,United Kingdom,Marketer Manager,11095,False,False
21,NON-BINARY,3,YouTube,Travel,United States,Software Engineer,16985,False,False
23,NON-BINARY,9,Instagram,Sports,Australia,Software Engineer,11782,True,False
62,NON-BINARY,3,Facebook,Sports,United States,Student,14541,False,False
49,NON-BINARY,5,YouTube,Travel,United States,Software Engineer,13257,False,True
47,MALE,9,Facebook,Lifestlye,Australia,Software Engineer,16213,True,False
64,FEMALE,3,YouTube,Sports,United States,Software Engineer,14869,True,False
52,NON-BINARY,7,YouTube,Lifestlye,Australia,Software Engineer,11561,False,False
57,MALE,1,YouTube,Travel,United Kingdom,Software Engineer,14006,True,False
33,NON-BINARY,4,YouTube,Lifestlye,United States,Student,19867,True,False
30,FEMALE,4,YouTube,Sports,United Kingdom,Student,19314,False,False
59,MALE,7,Instagram,Lifestlye,United Kingdom,Software Engineer,13981,False,True
47,FEMALE,8,YouTube,Lifestlye,United States,Student,19493,True,False
36,FEMALE,1,YouTube,Travel,Australia,Student,15682,False,True
34,MALE,5,Instagram,Travel,United States,Marketer Manager,15782,True,True
36,MALE,7,Instagram,Travel,United Kingdom,Software Engineer,10943,True,False
45,MALE,4,Instagram,Sports,United Kingdom,Student,14550,False,True
43,MALE,4,Instagram,Sports,Australia,Student,19137,True,False
54,MALE,4,Instagram,Travel,United States,Software Engineer,10600,True,True
43,MALE,6,Instagram,Travel,United Kingdom,Marketer Manager,16376,True,False
40,MALE,7,YouTube,Sports,United Kingdom,Software Engineer,19609,False,True
26,NON-BINARY,2,YouTube,Sports,United Kingdom,Marketer Manager,11524,False,True
29,FEMALE,5,Facebook,Sports,Australia,Software Engineer,13766,False,False
18,MALE,4,YouTube,Sports,United Kingdom,Software Engineer,10250,True,True
18,NON-BINARY,3,YouTube,Travel,United Kingdom,Software Engineer,19736,True,True
64,NON-BINARY,7,Instagram,Sports,United States,Software Engineer,10078,False,True
51,NON-BINARY,6,Instagram,Travel,United States,Marketer Manager,13123,False,True
49,FEMALE,7,YouTube,Lifestlye,United Kingdom,Marketer Manager,19089,False,True
42,MALE,5,Facebook,Lifestlye,United Kingdom,Student,17064,True,False
57,NON-BINARY,6,Instagram,Sports,United States,Software Engineer,18417,False,True
62,FEMALE,5,YouTube,Lifestlye,Australia,Marketer Manager,11209,True,True
18,FEMALE,7,YouTube,Lifestlye,Australia,Marketer Manager,15153,False,False
33,FEMALE,2,Facebook,Lifestlye,Australia,Marketer Manager,14898,True,False
56,NON-BINARY,5,Facebook,Sports,Australia,Software Engineer,12178,True,False
22,MALE,6,Instagram,Sports,Australia,Student,17610,False,True
39,NON-BINARY,6,Facebook,Lifestlye,Australia,Marketer Manager,18895,True,True
46,NON-BINARY,5,YouTube,Travel,Australia,Software Engineer,12544,False,True
20,MALE,7,YouTube,Lifestlye,Australia,Marketer Manager,15522,True,True
29,MALE,8,Facebook,Sports,United States,Marketer Manager,12370,True,False
43,MALE,7,Facebook,Sports,Australia,Student,13281,False,False
33,FEMALE,5,Facebook,Sports,Australia,Marketer Manager,14710,True,True
54,MALE,1,Facebook,Lifestlye,Australia,Marketer Manager,10328,False,True
39,NON-BINARY,5,Instagram,Travel,United Kingdom,Software Engineer,15579,False,True
46,MALE,2,Facebook,Sports,United States,Software Engineer,14228,False,True
31,NON-BINARY,5,Instagram,Sports,United States,Student,16794,True,False
45,FEMALE,5,YouTube,Lifestlye,United States,Software Engineer,10120,True,False
22,NON-BINARY,2,Facebook,Travel,Australia,Software Engineer,16749,True,True
64,NON-BINARY,5,Instagram,Lifestlye,Australia,Student,10964,False,False
47,MALE,4,Facebook,Sports,United Kingdom,Marketer Manager,14224,False,True
63,MALE,1,YouTube,Travel,United States,Student,13675,True,True
22,NON-BINARY,3,YouTube,Travel,Australia,Software Engineer,15694,True,False
29,MALE,1,YouTube,Sports,United States,Student,12076,False,True
33,FEMALE,5,Facebook,Travel,United Kingdom,Marketer Manager,16865,True,False
43,FEMALE,4,Facebook,Travel,United Kingdom,Student,15643,False,True
43,MALE,7,Instagram,Lifestlye,United Kingdom,Software Engineer,18524,True,False
38,FEMALE,5,YouTube,Sports,United States,Software Engineer,15249,False,True
56,MALE,4,Facebook,Sports,Australia,Student,11316,True,False
53,NON-BINARY,2,YouTube,Sports,Australia,Marketer Manager,11196,True,True
50,NON-BINARY,4,YouTube,Sports,United Kingdom,Student,13170,False,True
47,FEMALE,2,Instagram,Sports,Australia,Marketer Manager,19621,False,False
54,MALE,8,Instagram,Travel,United Kingdom,Marketer Manager,10355,False,True
40,MALE,3,Instagram,Lifestlye,United States,Student,19718,True,False
27,FEMALE,9,Instagram,Sports,United Kingdom,Marketer Manager,10028,False,False
22,NON-BINARY,4,YouTube,Lifestlye,United States,Software Engineer,11013,False,True
53,FEMALE,6,Instagram,Lifestlye,United Kingdom,Student,19019,True,True
51,NON-BINARY,5,Instagram,Travel,Australia,Marketer Manager,12024,False,True
48,MALE,1,Instagram,Sports,Australia,Software Engineer,18490,False,True
27,NON-BINARY,9,Instagram,Travel,United Kingdom,Student,15839,False,False
36,FEMALE,1,YouTube,Sports,Australia,Software Engineer,15791,True,True
49,MALE,8,Instagram,Travel,Australia,Software Engineer,10754,True,True
18,FEMALE,9,YouTube,Lifestlye,Australia,Software Engineer,18961,True,True
22,FEMALE,9,Facebook,Sports,United States,Marketer Manager,13735,False,False
62,NON-BINARY,1,YouTube,Lifestlye,Australia,Student,11238,True,True
21,FEMALE,2,YouTube,Lifestlye,United States,Student,11906,False,False
33,NON-BINARY,1,Instagram,Travel,United Kingdom,Marketer Manager,17399,False,True
41,MALE,2,Facebook,Sports,Australia,Student,17961,False,False
33,NON-BINARY,8,Facebook,Lifestlye,Australia,Software Engineer,19756,True,True
19,MALE,5,Facebook,Travel,Australia,Student,19410,True,True
45,NON-BINARY,7,Facebook,Sports,United Kingdom,Marketer Manager,14601,False,False
49,FEMALE,2,YouTube,Sports,United States,Software Engineer,19549,False,True
44,NON-BINARY,8,Facebook,Lifestlye,United States,Marketer Manager,11460,True,True
37,NON-BINARY,6,YouTube,Sports,Australia,Software Engineer,17669,True,True
41,MALE,8,YouTube,Lifestlye,United Kingdom,Software Engineer,11416,True,False
29,FEMALE,1,YouTube,Sports,United Kingdom,Student,17766,False,True
52,NON-BINARY,1,Facebook,Travel,United Kingdom,Software Engineer,11428,True,False
50,FEMALE,7,Instagram,Lifestlye,United Kingdom,Marketer Manager,14378,True,False
50,NON-BINARY,8,Instagram,Lifestlye,United Kingdom,Student,17529,True,False
60,NON-BINARY,3,Facebook,Sports,United States,Marketer Manager,14474,False,True
54,FEMALE,5,Instagram,Sports,United States,Software Engineer,13071,True,False
29,NON-BINARY,1,Instagram,Lifestlye,United States,Marketer Manager,10555,False,False
20,FEMALE,7,YouTube,Sports,Australia,Marketer Manager,18547,False,True
18,NON-BINARY,5,YouTube,Travel,United Kingdom,Software Engineer,11563,False,False
50,MALE,8,Facebook,Sports,Australia,Student,11040,True,False
57,FEMALE,8,Facebook,Travel,United Kingdom,Marketer Manager,12686,True,True
27,NON-BINARY,9,Instagram,Travel,United States,Software Engineer,12553,True,True
60,NON-BINARY,7,YouTube,Travel,Australia,Student,11779,False,False
61,MALE,1,Facebook,Travel,United States,Student,10075,True,True
46,FEMALE,3,Facebook,Travel,United Kingdom,Student,14326,False,True
30,NON-BINARY,8,Facebook,Sports,United Kingdom,Marketer Manager,15835,True,True
29,MALE,3,Facebook,Travel,United Kingdom,Marketer Manager,15057,True,False
48,NON-BINARY,8,Facebook,Sports,United States,Marketer Manager,12349,True,False
63,FEMALE,1,Facebook,Travel,United Kingdom,Student,12773,True,True
19,NON-BINARY,5,Instagram,Lifestlye,United States,Marketer Manager,12262,False,False
52,NON-BINARY,4,YouTube,Travel,Australia,Software Engineer,13229,False,True
40,NON-BINARY,5,YouTube,Lifestlye,United Kingdom,Marketer Manager,10392,False,True
34,NON-BINARY,8,Facebook,Travel,United Kingdom,Marketer Manager,11108,False,True
43,MALE,4,YouTube,Travel,United Kingdom,Student,14362,True,True
25,MALE,4,YouTube,Travel,Australia,Marketer Manager,15188,False,True
46,FEMALE,3,YouTube,Lifestlye,United Kingdom,Software Engineer,18802,False,False
43,MALE,7,Facebook,Lifestlye,United States,Student,15057,False,False
27,MALE,3,Facebook,Travel,United States,Software Engineer,13998,True,False
43,FEMALE,3,YouTube,Sports,United Kingdom,Student,18864,False,False
51,MALE,5,YouTube,Travel,United Kingdom,Student,16566,False,True
58,MALE,5,Facebook,Lifestlye,Australia,Marketer Manager,13677,True,True
24,FEMALE,6,Instagram,Travel,Australia,Software Engineer,15796,True,False
21,FEMALE,8,YouTube,Lifestlye,Australia,Student,16363,False,False
62,FEMALE,6,Instagram,Lifestlye,United Kingdom,Marketer Manager,18123,False,True
28,NON-BINARY,1,YouTube,Lifestlye,Australia,Student,18222,True,True
46,NON-BINARY,8,Instagram,Travel,Australia,Student,17690,False,True
53,FEMALE,8,Instagram,Lifestlye,United States,Student,11400,True,False
42,FEMALE,9,Instagram,Lifestlye,Australia,Student,14071,False,True
38,FEMALE,9,Facebook,Travel,United States,Student,18808,False,True
53,NON-BINARY,2,Instagram,Lifestlye,United States,Student,12786,False,False
27,NON-BINARY,2,Instagram,Travel,Australia,Marketer Manager,17169,False,False
54,MALE,3,Instagram,Lifestlye,United States,Student,10870,False,False
26,MALE,1,YouTube,Sports,United Kingdom,Software Engineer,14196,True,True
41,FEMALE,4,Instagram,Sports,United Kingdom,Marketer Manager,19604,True,True
52,NON-BINARY,4,YouTube,Lifestlye,Australia,Software Engineer,12739,False,False
52,NON-BINARY,9,Instagram,Sports,United Kingdom,Student,10940,False,True
53,NON-BINARY,9,Instagram,Travel,United States,Software Engineer,10340,False,True
35,FEMALE,9,Facebook,Sports,United Kingdom,Student,17422,True,True
56,MALE,7,YouTube,Lifestlye,Australia,Student,14133,True,False
49,FEMALE,2,Instagram,Lifestlye,Australia,Marketer Manager,10659,True,False
41,MALE,5,YouTube,Travel,United States,Marketer Manager,19752,True,True
40,MALE,4,YouTube,Lifestlye,Australia,Student,13457,True,True
49,FEMALE,8,Facebook,Travel,United Kingdom,Marketer Manager,19848,True,True
54,MALE,2,Facebook,Sports,Australia,Software Engineer,12975,True,True
29,MALE,6,Facebook,Sports,United States,Marketer Manager,19241,True,False
30,NON-BINARY,5,Facebook,Travel,Australia,Marketer Manager,10453,False,False
40,MALE,2,Facebook,Travel,United Kingdom,Software Engineer,19896,True,True
42,FEMALE,1,Facebook,Lifestlye,United States,Marketer Manager,18184,True,True
52,FEMALE,8,Facebook,Sports,United Kingdom,Student,15442,True,False
58,MALE,2,Facebook,Travel,United States,Software Engineer,10818,True,True
47,NON-BINARY,7,Instagram,Sports,Australia,Student,14868,False,False
34,NON-BINARY,9,YouTube,Travel,United States,Software Engineer,10012,True,True
37,MALE,9,Facebook,Sports,United States,Student,17727,False,False
42,MALE,8,Facebook,Lifestlye,Australia,Student,10920,False,True
39,FEMALE,9,YouTube,Sports,United Kingdom,Marketer Manager,14920,False,True
30,MALE,2,Instagram,Sports,Australia,Student,12418,True,False
36,NON-BINARY,6,YouTube,Sports,United States,Marketer Manager,19506,True,False
53,MALE,4,YouTube,Sports,Australia,Software Engineer,16475,True,True
29,FEMALE,4,Facebook,Sports,United States,Student,12017,False,True
58,FEMALE,5,YouTube,Lifestlye,Australia,Student,17957,False,False
36,FEMALE,3,YouTube,Travel,Australia,Software Engineer,19420,False,False
29,FEMALE,1,Facebook,Sports,United Kingdom,Software Engineer,14792,False,True
26,FEMALE,8,Facebook,Lifestlye,United States,Student,16830,True,True
24,MALE,5,Facebook,Sports,United Kingdom,Software Engineer,12434,True,False
45,MALE,3,Facebook,Sports,United States,Marketer Manager,12868,True,False
31,MALE,7,YouTube,Travel,Australia,Software Engineer,11438,False,False
48,MALE,7,YouTube,Sports,United States,Software Engineer,13543,False,False
36,FEMALE,1,Instagram,Lifestlye,United Kingdom,Student,11781,True,False
64,NON-BINARY,9,Instagram,Lifestlye,United Kingdom,Marketer Manager,16343,True,True
33,MALE,2,YouTube,Travel,United Kingdom,Software Engineer,12263,False,True
22,NON-BINARY,5,Instagram,Sports,United States,Marketer Manager,10211,True,False
52,MALE,5,YouTube,Lifestlye,United Kingdom,Marketer Manager,18699,True,True
29,MALE,8,Instagram,Sports,United Kingdom,Marketer Manager,16159,False,True
42,NON-BINARY,8,Facebook,Sports,United Kingdom,Student,17027,False,False
38,FEMALE,7,Instagram,Sports,Australia,Software Engineer,10331,False,True
53,MALE,7,Facebook,Travel,Australia,Student,16860,True,True
40,MALE,6,Facebook,Sports,United States,Software Engineer,18044,False,True
33,MALE,6,Facebook,Lifestlye,United States,Software Engineer,18169,True,False
56,NON-BINARY,9,Facebook,Sports,United Kingdom,Student,18742,True,False
62,FEMALE,6,Instagram,Lifestlye,Australia,Marketer Manager,15720,False,True
59,NON-BINARY,2,YouTube,Sports,United Kingdom,Marketer Manager,19133,True,True
56,NON-BINARY,2,Facebook,Lifestlye,United Kingdom,Software Engineer,10727,False,True
31,FEMALE,5,Instagram,Lifestlye,Australia,Student,14975,False,True
48,NON-BINARY,4,Facebook,Sports,Australia,Marketer Manager,13243,True,True
22,FEMALE,2,Instagram,Sports,Australia,Marketer Manager,10648,True,True
52,MALE,3,Instagram,Lifestlye,United States,Software Engineer,15095,False,False
40,FEMALE,7,Instagram,Travel,United States,Software Engineer,16614,False,True
46,MALE,8,YouTube,Sports,United Kingdom,Student,17135,False,True
60,NON-BINARY,6,Instagram,Travel,United States,Software Engineer,11009,False,False
28,NON-BINARY,5,Instagram,Sports,Australia,Marketer Manager,11550,False,True
35,MALE,1,YouTube,Sports,Australia,Marketer Manager,18995,False,True
64,NON-BINARY,8,YouTube,Sports,United States,Marketer Manager,17492,True,True
29,FEMALE,3,Instagram,Sports,United Kingdom,Marketer Manager,13401,True,True
26,MALE,6,YouTube,Travel,United Kingdom,Student,17447,True,False
27,NON-BINARY,3,Facebook,Sports,United States,Student,15424,True,True
61,MALE,7,Facebook,Lifestlye,United Kingdom,Software Engineer,14241,False,False
34,FEMALE,7,YouTube,Lifestlye,United Kingdom,Software Engineer,13161,True,True
55,FEMALE,9,YouTube,Travel,United Kingdom,Software Engineer,14155,True,True
24,NON-BINARY,5,Instagram,Sports,Australia,Student,17478,False,False
63,FEMALE,8,YouTube,Lifestlye,Australia,Marketer Manager,18719,True,True
30,MALE,8,Instagram,Travel,United States,Software Engineer,19215,False,False
57,FEMALE,1,Facebook,Sports,Australia,Marketer Manager,16617,False,False
59,MALE,5,YouTube,Lifestlye,United Kingdom,Software Engineer,15660,False,False
26,MALE,3,Instagram,Lifestlye,Australia,Software Engineer,18624,False,True
44,FEMALE,1,Instagram,Travel,United States,Software Engineer,11176,False,True
19,NON-BINARY,4,Facebook,Sports,Australia,Software Engineer,17956,True,True
22,FEMALE,8,YouTube,Sports,United Kingdom,Software Engineer,18592,True,True
46,MALE,3,Facebook,Lifestlye,United Kingdom,Marketer Manager,12233,True,False
54,MALE,2,Instagram,Lifestlye,United States,Software Engineer,14700,False,True
55,FEMALE,9,Instagram,Lifestlye,Australia,Marketer Manager,15906,True,True
36,NON-BINARY,5,YouTube,Sports,Australia,Student,17860,True,False
25,NON-BINARY,7,Instagram,Travel,Australia,Software Engineer,17526,True,False
62,MALE,2,YouTube,Travel,United Kingdom,Marketer Manager,15559,True,True
18,MALE,9,Facebook,Sports,United States,Student,16732,False,False
39,NON-BINARY,9,YouTube,Travel,Australia,Student,12513,True,False
34,FEMALE,4,YouTube,Lifestlye,United Kingdom,Student,17830,False,False
24,MALE,4,Instagram,Travel,United Kingdom,Marketer Manager,19965,False,False
42,MALE,6,Instagram,Travel,United Kingdom,Software Engineer,16944,True,False
62,NON-BINARY,6,YouTube,Travel,Australia,Software Engineer,17910,False,True
21,FEMALE,1,Instagram,Lifestlye,Australia,Marketer Manager,15649,False,True
53,NON-BINARY,9,Instagram,Sports,Australia,Software Engineer,11096,False,True
23,FEMALE,2,Instagram,Lifestlye,Australia,Marketer Manager,19120,False,True
48,FEMALE,5,YouTube,Sports,Australia,Software Engineer,11951,False,True
36,FEMALE,9,Instagram,Sports,Australia,Student,19746,False,True
61,MALE,4,YouTube,Sports,Australia,Software Engineer,19186,False,True
56,NON-BINARY,3,Instagram,Travel,Australia,Marketer Manager,17799,True,False
44,NON-BINARY,7,Facebook,Travel,Australia,Marketer Manager,18804,True,True
27,FEMALE,6,Instagram,Sports,United Kingdom,Student,10595,False,True
43,MALE,8,Instagram,Sports,Australia,Marketer Manager,17875,False,True
36,MALE,3,YouTube,Travel,United States,Software Engineer,19033,True,False
56,NON-BINARY,5,YouTube,Lifestlye,United Kingdom,Software Engineer,14439,True,True
20,MALE,4,Instagram,Sports,Australia,Student,15972,True,True
62,MALE,4,Facebook,Lifestlye,United States,Marketer Manager,10858,True,False
30,FEMALE,4,Instagram,Travel,Australia,Student,15519,False,True
45,MALE,8,Instagram,Sports,United States,Software Engineer,17385,False,True
37,FEMALE,6,Facebook,Lifestlye,United States,Student,18636,True,False
45,NON-BINARY,3,YouTube,Lifestlye,United States,Marketer Manager,19980,True,True
25,MALE,5,Instagram,Lifestlye,United States,Student,14317,True,False
58,NON-BINARY,6,YouTube,Travel,United Kingdom,Marketer Manager,13454,True,True
56,NON-BINARY,5,YouTube,Travel,United Kingdom,Marketer Manager,11030,False,True
18,MALE,6,Facebook,Lifestlye,United States,Software Engineer,19487,True,True
20,MALE,8,Facebook,Lifestlye,Australia,Software Engineer,17906,True,False
30,NON-BINARY,7,YouTube,Travel,United States,Software Engineer,11447,True,False
45,MALE,5,Instagram,Lifestlye,United Kingdom,Marketer Manager,12850,False,False
42,FEMALE,6,YouTube,Lifestlye,Australia,Student,18106,False,True
50,FEMALE,4,Instagram,Travel,United Kingdom,Marketer Manager,17151,False,True
55,MALE,9,Instagram,Lifestlye,United Kingdom,Software Engineer,19503,True,False
23,NON-BINARY,4,Facebook,Lifestlye,Australia,Software Engineer,16952,True,False
61,MALE,1,Instagram,Lifestlye,United States,Student,14055,True,True
62,MALE,7,Instagram,Travel,United States,Software Engineer,15402,False,True
49,NON-BINARY,7,YouTube,Lifestlye,United States,Software Engineer,19281,False,True
62,NON-BINARY,4,Facebook,Travel,United States,Software Engineer,11672,True,True
64,FEMALE,3,Instagram,Travel,Australia,Student,14532,True,False
38,NON-BINARY,8,Instagram,Sports,Australia,Marketer Manager,14924,False,True
33,FEMALE,5,Facebook,Sports,Australia,Software Engineer,16085,True,True
38,NON-BINARY,7,YouTube,Lifestlye,United Kingdom,Student,17734,True,True
28,MALE,4,Facebook,Travel,Australia,Software Engineer,14864,True,True
54,FEMALE,4,Facebook,Sports,United States,Student,19316,False,True
53,FEMALE,8,Instagram,Lifestlye,United Kingdom,Software Engineer,11221,True,True
52,FEMALE,8,Instagram,Sports,United States,Student,12860,True,True
36,MALE,2,YouTube,Sports,United States,Software Engineer,18428,True,False
37,MALE,2,Instagram,Travel,Australia,Marketer Manager,19336,True,False
35,MALE,3,Instagram,Travel,Australia,Software Engineer,13253,False,False
64,MALE,3,Facebook,Sports,United States,Student,13782,False,True
58,MALE,1,Instagram,Sports,United States,Software Engineer,16957,False,False
31,FEMALE,3,YouTube,Travel,United Kingdom,Marketer Manager,10766,True,True
32,MALE,6,Facebook,Lifestlye,Australia,Software Engineer,12681,False,True
48,FEMALE,8,YouTube,Travel,United Kingdom,Student,17710,True,True
18,MALE,6,Facebook,Sports,United Kingdom,Student,17482,False,True
20,NON-BINARY,5,Instagram,Lifestlye,United Kingdom,Marketer Manager,15086,True,False
33,FEMALE,4,Facebook,Sports,United States,Student,17964,False,True
40,NON-BINARY,3,Facebook,Lifestlye,United Kingdom,Software Engineer,12665,False,True
28,FEMALE,4,Instagram,Sports,United Kingdom,Software Engineer,19951,False,False
29,NON-BINARY,7,Instagram,Lifestlye,United States,Software Engineer,13513,True,False
27,MALE,1,YouTube,Lifestlye,Australia,Student,10495,True,False
49,MALE,7,YouTube,Sports,Australia,Software Engineer,15822,True,True
33,MALE,1,Instagram,Lifestlye,United Kingdom,Software Engineer,12072,False,False
25,FEMALE,2,Instagram,Travel,United States,Software Engineer,17795,True,True
55,NON-BINARY,4,Instagram,Sports,Australia,Marketer Manager,18529,True,True
29,MALE,1,Facebook,Travel,United Kingdom,Student,13949,True,False
41,NON-BINARY,9,Facebook,Sports,United Kingdom,Student,16033,True,False
45,NON-BINARY,6,Facebook,Lifestlye,United States,Student,18328,True,False
25,MALE,1,Instagram,Lifestlye,United Kingdom,Marketer Manager,12555,True,True
45,MALE,1,YouTube,Lifestlye,Australia,Student,16370,False,True
53,NON-BINARY,6,Instagram,Sports,United States,Marketer Manager,14415,False,True
43,MALE,4,Facebook,Travel,Australia,Marketer Manager,15959,True,True
25,MALE,4,Facebook,Travel,Australia,Student,19107,False,True
45,MALE,6,Instagram,Sports,Australia,Software Engineer,15993,False,True
45,FEMALE,7,Instagram,Sports,United Kingdom,Software Engineer,15021,True,False
54,NON-BINARY,9,Facebook,Travel,United Kingdom,Student,12907,True,True
58,NON-BINARY,5,Facebook,Travel,Australia,Student,12914,False,False
53,FEMALE,9,Facebook,Travel,Australia,Marketer Manager,13870,True,False
44,NON-BINARY,4,Instagram,Travel,United States,Student,19190,False,False
34,MALE,2,Facebook,Sports,United States,Marketer Manager,15085,False,False
26,NON-BINARY,3,Facebook,Sports,United Kingdom,Student,16546,False,False
50,MALE,1,YouTube,Lifestlye,United Kingdom,Software Engineer,10395,True,True
37,FEMALE,6,Instagram,Travel,United States,Software Engineer,10938,False,True
30,MALE,6,YouTube,Lifestlye,Australia,Student,19828,True,True
45,NON-BINARY,1,YouTube,Sports,United Kingdom,Marketer Manager,12510,True,True
46,NON-BINARY,3,Facebook,Sports,Australia,Software Engineer,14636,True,False
30,NON-BINARY,5,Instagram,Lifestlye,United States,Marketer Manager,11649,True,False
63,FEMALE,3,Facebook,Travel,United Kingdom,Student,13690,True,False
52,FEMALE,3,Instagram,Travel,United Kingdom,Student,13435,False,True
23,NON-BINARY,3,YouTube,Travel,United States,Software Engineer,13201,True,True
35,MALE,5,Instagram,Travel,United Kingdom,Student,14179,True,True
22,FEMALE,5,Facebook,Lifestlye,United States,Software Engineer,18405,True,True
64,NON-BINARY,4,Facebook,Lifestlye,United Kingdom,Marketer Manager,13237,True,False
42,NON-BINARY,1,Facebook,Sports,United States,Software Engineer,13862,True,False
19,FEMALE,5,Instagram,Travel,United Kingdom,Software Engineer,10058,False,True
27,FEMALE,5,YouTube,Travel,Australia,Marketer Manager,14938,True,True
47,FEMALE,4,YouTube,Travel,Australia,Software Engineer,12971,True,False
62,MALE,6,Instagram,Lifestlye,Australia,Software Engineer,19719,False,False
22,MALE,4,Facebook,Travel,United Kingdom,Student,18314,True,False
50,NON-BINARY,7,YouTube,Lifestlye,United Kingdom,Marketer Manager,19628,False,False
18,FEMALE,7,Facebook,Travel,Australia,Software Engineer,19354,False,True
35,MALE,2,Instagram,Travel,Australia,Marketer Manager,13345,False,False
49,FEMALE,3,Facebook,Sports,United States,Marketer Manager,12486,False,False
64,NON-BINARY,1,YouTube,Travel,United States,Software Engineer,10561,True,False
28,MALE,8,YouTube,Travel,United States,Student,13981,True,False
38,MALE,9,Facebook,Sports,Australia,Marketer Manager,16261,False,True
43,MALE,4,Instagram,Lifestlye,Australia,Software Engineer,11737,False,True
42,NON-BINARY,6,Facebook,Lifestlye,Australia,Marketer Manager,19096,True,True
39,FEMALE,9,Instagram,Travel,United States,Student,13554,False,True
44,MALE,6,Facebook,Lifestlye,United Kingdom,Student,19918,False,True
30,NON-BINARY,9,YouTube,Travel,Australia,Student,19126,False,True
50,FEMALE,4,Instagram,Sports,United Kingdom,Software Engineer,17095,True,False
51,NON-BINARY,8,Instagram,Sports,United Kingdom,Software Engineer,18266,False,False
58,FEMALE,9,Instagram,Travel,United Kingdom,Student,10294,True,False
52,NON-BINARY,4,YouTube,Sports,United States,Software Engineer,18212,True,False
18,FEMALE,5,Facebook,Sports,United Kingdom,Student,19230,True,True
38,MALE,8,YouTube,Travel,Australia,Software Engineer,15330,False,False
23,FEMALE,6,Instagram,Travel,United States,Student,14655,False,True
45,NON-BINARY,7,Facebook,Sports,Australia,Marketer Manager,11109,True,False
34,NON-BINARY,3,YouTube,Lifestlye,Australia,Student,13771,True,False
22,FEMALE,7,Instagram,Lifestlye,United States,Student,18563,True,False
48,MALE,8,Instagram,Travel,Australia,Software Engineer,16123,False,True
22,MALE,6,YouTube,Travel,Australia,Software Engineer,17647,False,False
55,FEMALE,9,YouTube,Lifestlye,United States,Software Engineer,11174,True,True
20,FEMALE,6,YouTube,Sports,Australia,Software Engineer,11164,True,True
40,NON-BINARY,9,Instagram,Lifestlye,United Kingdom,Software Engineer,19284,False,False
54,MALE,4,YouTube,Lifestlye,Australia,Software Engineer,19475,True,True
54,FEMALE,8,Instagram,Lifestlye,United Kingdom,Marketer Manager,19037,False,True
27,MALE,4,YouTube,Lifestlye,Australia,Student,18712,False,False
27,FEMALE,2,Instagram,Travel,United States,Student,14466,True,False
36,FEMALE,9,Instagram,Travel,United States,Student,15538,True,False
34,MALE,5,Facebook,Sports,Australia,Marketer Manager,17111,False,False
38,FEMALE,4,YouTube,Sports,United States,Student,18434,False,False
31,FEMALE,2,YouTube,Sports,Australia,Marketer Manager,12800,False,False
26,NON-BINARY,1,Instagram,Sports,United States,Marketer Manager,14607,False,True
63,FEMALE,7,Instagram,Lifestlye,United Kingdom,Marketer Manager,17262,False,False
18,FEMALE,6,Instagram,Travel,Australia,Student,11541,True,False
62,FEMALE,2,Facebook,Travel,United Kingdom,Marketer Manager,12765,False,True
30,NON-BINARY,8,Facebook,Sports,United Kingdom,Student,14491,False,False
21,MALE,4,Instagram,Sports,Australia,Student,13083,False,True
18,NON-BINARY,8,YouTube,Lifestlye,United Kingdom,Software Engineer,15356,True,False
57,NON-BINARY,7,YouTube,Lifestlye,Australia,Software Engineer,11857,True,False
49,MALE,5,Facebook,Sports,United Kingdom,Marketer Manager,10769,False,True
51,NON-BINARY,8,Facebook,Travel,Australia,Marketer Manager,11422,False,False
45,MALE,9,Instagram,Travel,Australia,Student,18598,True,True
48,NON-BINARY,5,YouTube,Travel,United States,Marketer Manager,12972,True,False
25,MALE,5,Instagram,Sports,Australia,Marketer Manager,11872,True,False
56,FEMALE,2,Facebook,Travel,Australia,Student,15599,True,True
43,NON-BINARY,5,YouTube,Lifestlye,United Kingdom,Marketer Manager,12269,False,False
51,NON-BINARY,3,YouTube,Lifestlye,Australia,Marketer Manager,15275,True,False
20,NON-BINARY,7,Facebook,Sports,United States,Student,14749,False,True
29,NON-BINARY,5,Instagram,Lifestlye,United Kingdom,Student,16571,False,False
18,FEMALE,8,Instagram,Sports,United Kingdom,Software Engineer,19373,True,True
61,NON-BINARY,1,YouTube,Travel,United States,Student,15072,True,False
22,FEMALE,3,Facebook,Travel,United Kingdom,Software Engineer,19631,True,True
47,FEMALE,3,YouTube,Travel,United Kingdom,Marketer Manager,15463,True,False
47,FEMALE,9,Facebook,Lifestlye,United Kingdom,Student,17450,False,True
34,FEMALE,5,Instagram,Sports,United Kingdom,Student,18420,False,True
64,MALE,9,Facebook,Travel,United States,Student,13959,False,False
40,MALE,9,Instagram,Sports,United States,Marketer Manager,11313,True,False
32,NON-BINARY,1,Facebook,Travel,United Kingdom,Software Engineer,17847,False,True
54,MALE,2,YouTube,Lifestlye,United Kingdom,Marketer Manager,11070,True,False
38,MALE,5,Instagram,Lifestlye,United States,Marketer Manager,19166,False,True
31,NON-BINARY,4,YouTube,Sports,United States,Student,19930,True,False
19,NON-BINARY,9,YouTube,Lifestlye,United States,Software Engineer,13285,False,False
28,NON-BINARY,7,Instagram,Lifestlye,United Kingdom,Marketer Manager,18949,False,True
56,MALE,6,Instagram,Sports,United Kingdom,Student,13095,True,True
55,MALE,7,YouTube,Travel,Australia,Marketer Manager,10320,False,False
51,NON-BINARY,1,YouTube,Lifestlye,United States,Marketer Manager,12321,False,False
55,FEMALE,1,YouTube,Sports,United Kingdom,Student,10555,True,False
51,NON-BINARY,8,YouTube,Lifestlye,United States,Student,14939,True,False
35,FEMALE,2,Instagram,Lifestlye,United Kingdom,Software Engineer,15432,True,False
47,FEMALE,9,Instagram,Lifestlye,United States,Marketer Manager,11386,True,True
32,NON-BINARY,7,YouTube,Lifestlye,United Kingdom,Student,14763,True,False
44,NON-BINARY,6,Facebook,Sports,Australia,Student,16854,False,False
51,NON-BINARY,1,Facebook,Sports,Australia,Software Engineer,17637,True,True
55,MALE,1,Instagram,Sports,United States,Software Engineer,14841,False,True
50,FEMALE,2,YouTube,Lifestlye,United Kingdom,Student,13867,False,True
41,MALE,6,YouTube,Lifestlye,United Kingdom,Software Engineer,13793,True,False
32,MALE,6,Instagram,Lifestlye,United States,Student,17373,False,True
47,NON-BINARY,2,Facebook,Sports,United Kingdom,Marketer Manager,12513,False,True
59,MALE,1,Facebook,Lifestlye,United States,Software Engineer,13803,True,True
34,NON-BINARY,5,Facebook,Travel,United Kingdom,Marketer Manager,12327,False,True
22,FEMALE,5,Instagram,Lifestlye,United States,Marketer Manager,18809,True,False
46,NON-BINARY,2,Facebook,Travel,United Kingdom,Marketer Manager,12165,True,False
21,MALE,6,Instagram,Lifestlye,United States,Student,13308,True,False
27,MALE,9,Instagram,Sports,United Kingdom,Marketer Manager,16452,False,True
34,NON-BINARY,2,YouTube,Lifestlye,Australia,Marketer Manager,18067,False,True
27,NON-BINARY,2,Facebook,Travel,United Kingdom,Marketer Manager,17642,False,True
34,MALE,3,Instagram,Travel,United States,Student,16404,False,True
37,FEMALE,7,Facebook,Lifestlye,Australia,Marketer Manager,10992,True,True
41,FEMALE,6,Facebook,Travel,United Kingdom,Marketer Manager,15424,False,True
22,NON-BINARY,8,YouTube,Travel,Australia,Software Engineer,19569,True,False
51,FEMALE,8,Facebook,Sports,United Kingdom,Student,14381,False,False
23,MALE,6,YouTube,Lifestlye,Australia,Marketer Manager,13174,False,True
19,NON-BINARY,3,Instagram,Lifestlye,United States,Software Engineer,14782,False,False
30,MALE,3,Facebook,Lifestlye,United Kingdom,Student,19497,False,True
60,MALE,1,Instagram,Travel,United Kingdom,Student,15560,False,True
60,FEMALE,7,Facebook,Lifestlye,United States,Student,17460,True,False
28,NON-BINARY,5,Instagram,Lifestlye,Australia,Student,13078,False,True
64,NON-BINARY,4,Facebook,Sports,United States,Student,12983,False,False
40,FEMALE,4,Facebook,Sports,United States,Student,17259,False,True
33,MALE,4,Facebook,Sports,Australia,Marketer Manager,16054,False,True
48,MALE,6,Facebook,Travel,United States,Marketer Manager,12523,True,False
28,MALE,8,Facebook,Lifestlye,United Kingdom,Marketer Manager,19677,False,True
33,MALE,8,Facebook,Sports,United Kingdom,Marketer Manager,14581,True,True
25,NON-BINARY,5,Facebook,Sports,United Kingdom,Software Engineer,15609,False,True
21,NON-BINARY,6,Facebook,Sports,United States,Marketer Manager,12001,True,False
57,FEMALE,4,Facebook,Lifestlye,United Kingdom,Student,11387,True,True
21,FEMALE,9,Instagram,Lifestlye,United Kingdom,Marketer Manager,16552,True,True
42,NON-BINARY,8,YouTube,Lifestlye,United Kingdom,Marketer Manager,11030,True,True
20,NON-BINARY,1,Facebook,Travel,United Kingdom,Student,19957,True,False
49,MALE,2,YouTube,Travel,United Kingdom,Marketer Manager,11220,False,False
20,MALE,9,Facebook,Sports,United Kingdom,Marketer Manager,16035,True,False
44,FEMALE,8,Facebook,Lifestlye,United States,Marketer Manager,19810,False,False
46,NON-BINARY,3,Instagram,Sports,United Kingdom,Software Engineer,19455,True,False
49,FEMALE,8,Instagram,Lifestlye,United Kingdom,Marketer Manager,16523,True,True
36,NON-BINARY,1,YouTube,Lifestlye,Australia,Student,18074,False,False
38,MALE,4,Instagram,Lifestlye,United States,Student,19063,True,False
22,FEMALE,3,Instagram,Travel,United States,Marketer Manager,10834,True,True
35,FEMALE,6,YouTube,Travel,United States,Marketer Manager,19110,True,False
45,NON-BINARY,7,Instagram,Lifestlye,United States,Marketer Manager,11724,True,True
59,MALE,4,Facebook,Sports,United Kingdom,Student,16598,False,False
39,FEMALE,7,YouTube,Lifestlye,United Kingdom,Student,12413,True,True
38,MALE,9,YouTube,Lifestlye,Australia,Software Engineer,19505,True,True
23,FEMALE,2,Facebook,Sports,Australia,Software Engineer,15993,False,False
18,MALE,3,Instagram,Lifestlye,United States,Software Engineer,14498,False,False
22,NON-BINARY,5,YouTube,Sports,Australia,Student,12105,True,True
58,FEMALE,3,YouTube,Travel,Australia,Software Engineer,12568,True,True
29,FEMALE,8,Facebook,Travel,United States,Marketer Manager,19330,False,True
43,MALE,8,Facebook,Sports,United States,Marketer Manager,10209,True,True
63,MALE,8,Instagram,Travel,Australia,Student,19256,False,True
51,FEMALE,9,YouTube,Travel,United Kingdom,Software Engineer,14911,True,True
31,NON-BINARY,4,Instagram,Sports,Australia,Marketer Manager,12220,False,True
43,MALE,5,Instagram,Travel,Australia,Student,10233,False,False
62,MALE,5,Facebook,Lifestlye,United Kingdom,Software Engineer,10792,False,True
44,MALE,8,YouTube,Lifestlye,United Kingdom,Marketer Manager,13110,True,False
26,FEMALE,7,YouTube,Sports,United States,Software Engineer,12166,True,False
43,FEMALE,9,YouTube,Travel,United States,Student,18526,True,True
64,FEMALE,8,Facebook,Lifestlye,Australia,Software Engineer,19551,True,True
39,FEMALE,2,Facebook,Lifestlye,United Kingdom,Student,15193,False,False
64,NON-BINARY,4,Facebook,Travel,United States,Software Engineer,11214,False,True
47,NON-BINARY,6,Facebook,Travel,Australia,Marketer Manager,14419,False,True
60,FEMALE,2,Facebook,Lifestlye,United Kingdom,Student,17314,True,False
34,NON-BINARY,7,YouTube,Lifestlye,Australia,Student,18475,True,False
43,MALE,3,Instagram,Sports,United States,Student,10212,True,False
53,MALE,3,YouTube,Sports,United States,Software Engineer,11658,False,True
18,MALE,2,Instagram,Lifestlye,United Kingdom,Software Engineer,15024,True,True
25,FEMALE,8,Facebook,Sports,Australia,Marketer Manager,19609,True,False
52,MALE,6,Instagram,Lifestlye,United Kingdom,Student,15917,False,True
32,NON-BINARY,1,YouTube,Lifestlye,United States,Student,15141,False,False
64,FEMALE,1,YouTube,Sports,United States,Software Engineer,11794,True,True
39,NON-BINARY,7,Instagram,Sports,Australia,Software Engineer,15988,False,False
31,MALE,8,Facebook,Travel,Australia,Marketer Manager,18296,True,True
43,MALE,5,Facebook,Travel,Australia,Marketer Manager,15578,False,False
45,MALE,5,YouTube,Travel,United Kingdom,Software Engineer,15551,False,True
40,FEMALE,4,Instagram,Lifestlye,Australia,Student,13845,False,True
31,NON-BINARY,6,Facebook,Sports,Australia,Marketer Manager,16906,True,False
41,FEMALE,6,Facebook,Lifestlye,United States,Software Engineer,10378,True,True
19,FEMALE,3,YouTube,Sports,United States,Software Engineer,13293,True,True
62,MALE,9,Facebook,Lifestlye,Australia,Student,13329,False,False
43,FEMALE,7,Instagram,Travel,Australia,Software Engineer,14808,False,True
31,FEMALE,1,YouTube,Travel,United States,Software Engineer,17937,False,True
24,MALE,7,YouTube,Travel,Australia,Marketer Manager,10224,False,True
20,FEMALE,5,Instagram,Lifestlye,United Kingdom,Software Engineer,10737,True,False
64,MALE,5,YouTube,Sports,United Kingdom,Software Engineer,10235,True,False
40,MALE,2,Facebook,Sports,United Kingdom,Marketer Manager,10711,True,False
63,MALE,4,Facebook,Travel,Australia,Student,15988,False,False
60,MALE,6,Instagram,Travel,United States,Student,11888,False,False
64,FEMALE,7,Facebook,Travel,Australia,Marketer Manager,17173,True,True
62,MALE,5,Instagram,Travel,Australia,Marketer Manager,11259,False,True
35,MALE,9,Instagram,Sports,United States,Student,15246,True,False
55,FEMALE,3,Facebook,Lifestlye,United States,Student,17271,False,True
52,FEMALE,1,Instagram,Lifestlye,United States,Student,10748,False,True
32,NON-BINARY,4,Facebook,Lifestlye,United Kingdom,Student,13551,True,True
42,FEMALE,9,YouTube,Lifestlye,Australia,Student,16400,True,True
54,FEMALE,4,YouTube,Travel,United States,Marketer Manager,16643,False,False
45,NON-BINARY,2,Instagram,Travel,Australia,Software Engineer,18701,True,False
27,FEMALE,5,Facebook,Travel,United Kingdom,Student,11823,True,True
56,FEMALE,3,Facebook,Lifestlye,United Kingdom,Student,16852,False,True
34,FEMALE,9,YouTube,Travel,United States,Software Engineer,17777,False,False
56,FEMALE,4,YouTube,Travel,United States,Software Engineer,14232,False,True
39,NON-BINARY,6,Facebook,Sports,Australia,Software Engineer,16519,True,True
43,FEMALE,2,Instagram,Sports,United States,Software Engineer,11777,False,True
61,FEMALE,6,YouTube,Travel,Australia,Software Engineer,11222,False,False
42,NON-BINARY,3,Instagram,Sports,United States,Software Engineer,17630,False,False
34,MALE,9,Instagram,Sports,Australia,Marketer Manager,11777,False,True
30,NON-BINARY,2,YouTube,Travel,Australia,Software Engineer,19496,False,True
37,MALE,9,Instagram,Travel,Australia,Software Engineer,17490,True,True
42,NON-BINARY,5,Instagram,Travel,Australia,Marketer Manager,14859,False,True
21,NON-BINARY,8,Facebook,Travel,United Kingdom,Software Engineer,18893,False,True
27,FEMALE,2,Instagram,Lifestlye,Australia,Student,18118,True,True
20,MALE,6,Facebook,Lifestlye,United States,Student,12989,False,False
58,FEMALE,3,YouTube,Travel,United Kingdom,Software Engineer,18343,False,False
62,MALE,5,YouTube,Sports,United Kingdom,Marketer Manager,11325,True,True
35,NON-BINARY,8,Facebook,Travel,Australia,Student,19493,False,False
64,NON-BINARY,1,YouTube,Travel,United Kingdom,Marketer Manager,19903,True,True
53,MALE,5,Instagram,Sports,Australia,Student,15127,False,True
64,FEMALE,3,Instagram,Lifestlye,United States,Software Engineer,18998,True,False
39,FEMALE,4,Instagram,Travel,Australia,Marketer Manager,12722,True,False
51,FEMALE,2,YouTube,Travel,United Kingdom,Marketer Manager,14656,False,True
64,FEMALE,9,Instagram,Lifestlye,United States,Marketer Manager,11325,True,True
25,NON-BINARY,3,YouTube,Lifestlye,Australia,Student,14133,True,False
57,NON-BINARY,2,Instagram,Sports,United States,Student,19351,False,False
61,NON-BINARY,9,Facebook,Lifestlye,United States,Student,12869,False,True
36,NON-BINARY,7,YouTube,Lifestlye,United Kingdom,Software Engineer,11242,True,True
59,NON-BINARY,6,YouTube,Lifestlye,United States,Student,18539,False,True
58,FEMALE,1,Instagram,Sports,United Kingdom,Software Engineer,11831,True,False
54,FEMALE,5,YouTube,Lifestlye,United States,Marketer Manager,11569,True,True
23,FEMALE,3,YouTube,Lifestlye,Australia,Marketer Manager,17246,False,False
43,FEMALE,1,Facebook,Sports,United States,Software Engineer,11918,False,True
51,NON-BINARY,4,Facebook,Lifestlye,Australia,Student,16416,True,False
62,NON-BINARY,2,Instagram,Lifestlye,Australia,Software Engineer,13232,False,False
23,NON-BINARY,2,Facebook,Sports,United States,Marketer Manager,13758,False,False
54,MALE,3,Instagram,Travel,Australia,Marketer Manager,15997,True,False
50,FEMALE,8,Instagram,Sports,United States,Software Engineer,12355,True,True
39,FEMALE,8,Instagram,Lifestlye,United States,Student,19589,True,False
38,NON-BINARY,7,YouTube,Lifestlye,Australia,Student,11824,True,False
23,FEMALE,6,Facebook,Lifestlye,Australia,Software Engineer,17280,True,False
23,FEMALE,9,Instagram,Sports,United Kingdom,Software Engineer,14060,True,True
21,NON-BINARY,4,Facebook,Lifestlye,Australia,Student,15324,False,True
47,MALE,1,Instagram,Lifestlye,United Kingdom,Marketer Manager,10404,True,True
28,MALE,8,Facebook,Sports,Australia,Software Engineer,11721,False,True
47,MALE,7,Facebook,Travel,United States,Student,15316,False,True
48,NON-BINARY,7,Instagram,Travel,Australia,Student,13845,True,True
41,FEMALE,3,YouTube,Lifestlye,United States,Marketer Manager,14210,False,False
26,NON-BINARY,4,Facebook,Sports,United States,Marketer Manager,10064,True,False
20,NON-BINARY,9,YouTube,Lifestlye,United States,Marketer Manager,19491,False,False
48,FEMALE,6,YouTube,Sports,United Kingdom,Marketer Manager,16382,True,True
57,MALE,5,Instagram,Sports,Australia,Marketer Manager,19607,True,False
54,MALE,3,Instagram,Travel,United States,Software Engineer,10968,True,False
53,NON-BINARY,9,Instagram,Travel,United States,Student,10368,True,True
41,MALE,5,Facebook,Sports,United Kingdom,Software Engineer,18424,False,False
48,NON-BINARY,5,Instagram,Lifestlye,Australia,Software Engineer,12242,False,True
23,NON-BINARY,4,Instagram,Travel,Australia,Software Engineer,15002,False,False
19,FEMALE,4,Facebook,Lifestlye,United Kingdom,Software Engineer,13083,False,True
37,FEMALE,1,Facebook,Travel,United Kingdom,Software Engineer,18073,False,True
45,FEMALE,7,Instagram,Travel,Australia,Marketer Manager,19112,True,True
28,NON-BINARY,9,Instagram,Lifestlye,United Kingdom,Marketer Manager,18880,True,False
21,FEMALE,3,Instagram,Travel,Australia,Student,11469,True,False
32,MALE,2,Instagram,Travel,Australia,Software Engineer,14725,True,True
23,MALE,3,YouTube,Lifestlye,United States,Student,14259,True,True
47,NON-BINARY,1,YouTube,Travel,United States,Marketer Manager,13622,False,False
55,NON-BINARY,6,Instagram,Travel,Australia,Marketer Manager,10823,True,False
19,FEMALE,7,YouTube,Travel,Australia,Marketer Manager,13431,True,True
32,NON-BINARY,2,Facebook,Lifestlye,Australia,Software Engineer,16528,False,False
28,NON-BINARY,8,YouTube,Sports,Australia,Software Engineer,14151,False,False
25,MALE,6,YouTube,Lifestlye,Australia,Marketer Manager,14213,True,False
43,MALE,4,Instagram,Sports,Australia,Student,17420,True,True
62,FEMALE,5,YouTube,Travel,United Kingdom,Student,18989,False,True
61,NON-BINARY,8,YouTube,Sports,Australia,Marketer Manager,10779,True,False
22,NON-BINARY,3,YouTube,Lifestlye,United Kingdom,Student,12892,True,True
23,MALE,3,YouTube,Lifestlye,United Kingdom,Marketer Manager,15534,True,False
43,NON-BINARY,4,Facebook,Travel,Australia,Student,13306,False,False
21,MALE,1,Instagram,Sports,Australia,Marketer Manager,12902,True,True
36,FEMALE,9,Instagram,Travel,United Kingdom,Student,13718,True,True
37,MALE,8,Facebook,Travel,United Kingdom,Software Engineer,10021,False,True
50,NON-BINARY,8,YouTube,Lifestlye,Australia,Marketer Manager,11500,False,False
37,FEMALE,6,Facebook,Sports,Australia,Marketer Manager,19034,False,False
29,MALE,7,YouTube,Sports,United Kingdom,Student,19952,True,True
64,MALE,6,Facebook,Sports,United Kingdom,Marketer Manager,13641,False,True
18,FEMALE,9,Instagram,Sports,United Kingdom,Marketer Manager,15212,True,True
43,FEMALE,3,Instagram,Travel,United States,Marketer Manager,10191,False,False
31,MALE,3,Instagram,Travel,United Kingdom,Software Engineer,18587,True,False
55,NON-BINARY,3,YouTube,Lifestlye,United States,Software Engineer,17174,False,False
54,MALE,3,YouTube,Travel,Australia,Student,15114,True,True
28,FEMALE,9,Facebook,Travel,Australia,Software Engineer,14662,True,True
53,MALE,4,Facebook,Lifestlye,United Kingdom,Student,14326,False,False
30,FEMALE,7,Instagram,Lifestlye,Australia,Software Engineer,19065,False,True
60,FEMALE,9,YouTube,Lifestlye,Australia,Student,14335,True,True
20,NON-BINARY,7,Facebook,Travel,Australia,Software Engineer,18281,False,True
50,FEMALE,9,YouTube,Travel,Australia,Software Engineer,18648,True,True
23,FEMALE,3,YouTube,Lifestlye,United States,Student,19196,False,False
27,NON-BINARY,4,Instagram,Lifestlye,United States,Marketer Manager,15494,False,True
22,FEMALE,8,Instagram,Lifestlye,United Kingdom,Marketer Manager,18536,True,False
40,NON-BINARY,6,YouTube,Travel,United Kingdom,Software Engineer,12711,False,False
27,NON-BINARY,5,YouTube,Travel,United Kingdom,Student,17595,False,True
61,FEMALE,4,YouTube,Sports,Australia,Marketer Manager,16273,True,False
19,FEMALE,8,YouTube,Travel,Australia,Student,16284,True,False
